question_id,question_text,round_num,turn_order,agent_name,agent_status,confidence,response,timestamp
0,Is it ever morally justifiable to lie to protect someone's feelings?,1,0,Alex,expert,0.8,"While honesty is generally a fundamental principle in ethical interactions, there are situations where lying to protect someone's feelings might be considered morally justifiable, such as in cases where the truth would cause significant and unnecessary harm or distress. However, it's crucial to weigh the potential benefits against the risks of being discovered and the erosion of trust that can result from dishonesty. Ultimately, each situation must be evaluated on its own merits, considering the motivations, potential consequences, and the importance of preserving a relationship based on trust.",2026-04-21T22:53:37.987946
0,Is it ever morally justifiable to lie to protect someone's feelings?,1,1,Jordan,peer,0.9,"I agree that honesty is a cornerstone of ethical interactions, but I also believe that empathy and compassion can sometimes necessitate withholding the truth or presenting it in a gentler manner. In situations where the truth could cause irreparable harm or distress, a thoughtful and well-intentioned lie might be a more humane approach. However, this should not be taken as a blanket justification for dishonesty, and each case should be carefully considered. The key is to prioritize kindness and the well-being of all parties involved.",2026-04-21T22:53:40.429203
0,Is it ever morally justifiable to lie to protect someone's feelings?,1,2,Morgan,novice,0.6,"I think it's a complex issue, and while honesty is generally important, there may be situations where a lie could prevent significant harm or distress, such as in cases of terminal illness or similar sensitive matters. However, I'm concerned that allowing lies, even with good intentions, could lead to a slippery slope where dishonesty becomes more common and trust is eroded. It's crucial to carefully consider each situation and weigh the potential benefits against the risks. I'm still forming my opinion on this matter and would like to hear more perspectives.",2026-04-21T22:53:43.064213
0,Is it ever morally justifiable to lie to protect someone's feelings?,2,0,Alex,expert,0.8,"While honesty is generally considered a moral virtue, there are situations where withholding the truth or telling a white lie may be necessary to avoid causing unnecessary harm or distress to someone. However, this should be approached with caution and careful consideration of the potential consequences, as lies can often lead to more harm in the long run. It's crucial to weigh the potential benefits of protecting someone's feelings against the potential risks of damaging trust and relationships. In certain circumstances, a compassionate and empathetic approach may justify a small deception to protect someone's feelings.",2026-04-21T22:53:45.392191
0,Is it ever morally justifiable to lie to protect someone's feelings?,2,1,Jordan,peer,0.9,"I agree that honesty is a vital virtue, but I also think that empathy and compassion can sometimes necessitate withholding the truth or telling a white lie to protect someone's feelings. However, this should be done with the intention of ultimately promoting the well-being and trust of the person being lied to, rather than simply avoiding an uncomfortable situation. It's essential to consider the motivations behind the lie and the potential long-term effects on the relationship. By doing so, we can navigate complex situations with both honesty and empathy.",2026-04-21T22:53:47.759543
0,Is it ever morally justifiable to lie to protect someone's feelings?,2,2,Morgan,novice,0.6,"I think it's possible that lying to protect someone's feelings could be morally justifiable in certain situations, but I'm hesitant to make a blanket statement without considering the specifics of each case. It seems that the motivations behind the lie, the potential consequences, and the relationship between the parties involved all play a crucial role in determining whether the lie is justified. I'm inclined to agree with Alex and Jordan that empathy and compassion can sometimes necessitate withholding the truth, but I still have some reservations about the potential long-term effects of lying.",2026-04-21T22:53:50.115115
0,Is it ever morally justifiable to lie to protect someone's feelings?,3,0,Jordan,peer,0.8,"I believe that lying to protect someone's feelings can be morally justifiable in certain situations, such as when the truth would cause unnecessary harm or distress. However, it's essential to consider the motivations and potential consequences of the lie, as well as the importance of honesty in the relationship. A white lie or omission of truth might be preferable to a harsh truth that serves no purpose other than to hurt someone. Ultimately, the decision to lie or tell the truth should be guided by empathy and a commitment to the well-being of all parties involved.",2026-04-21T22:53:52.502256
0,Is it ever morally justifiable to lie to protect someone's feelings?,3,1,Morgan,novice,0.6,"I agree that lying to protect someone's feelings can be a complex issue, and while I understand the intention to avoid harm, I'm concerned that it may lead to a slippery slope where dishonesty becomes a habitual response. However, I also recognize that there may be situations where a tactful and empathetic approach, potentially involving a white lie or omission, could be the most compassionate choice. It's crucial to weigh the potential benefits against the risks of damaging trust and relationships in the long run. I'm still considering the nuances of this issue, but it seems that a balanced approach, taking into account the specific circumstances and motivations, is necessary.",2026-04-21T22:53:54.979910
0,Is it ever morally justifiable to lie to protect someone's feelings?,3,2,Alex,expert,0.9,"While honesty is a fundamental value in most relationships, there are indeed situations where withholding the truth or telling a white lie may be the most compassionate and morally justifiable choice, such as when the truth would cause significant and unnecessary harm to someone's well-being. However, it's crucial to carefully evaluate the motivations behind the lie and consider the potential long-term consequences on trust and relationships. A nuanced approach, taking into account the specific context and the potential impact on all parties involved, is necessary to make an informed decision. Ultimately, the moral justifiability of lying to protect someone's feelings depends on a thoughtful balancing of empathy, honesty, and the well-being of all individuals involved.",2026-04-21T22:53:57.567798
1,What is 17 multiplied by 13?,1,0,Alex,expert,1.0,"To find the product of 17 and 13, we simply multiply these two numbers together. The calculation is straightforward: 17 * 13 = 221. This result can be verified through basic arithmetic operations. The product of 17 and 13 is indeed 221.",2026-04-21T22:53:59.451051
1,What is 17 multiplied by 13?,1,1,Morgan,novice,0.95,"To find the product of 17 and 13, I will follow the basic arithmetic operation of multiplication. Multiplying 17 by 13 gives us 17 * 13 = 221. This calculation seems straightforward and aligns with what Alex has mentioned. I will rely on this simple arithmetic to conclude that the product is indeed 221.",2026-04-21T22:54:01.529254
1,What is 17 multiplied by 13?,1,2,Jordan,peer,1.0,"To find the product of 17 and 13, I will also rely on basic multiplication. The calculation is indeed straightforward: 17 * 13 = 221. This result aligns with the explanations provided by Alex and Morgan, and it follows the fundamental rules of arithmetic. The product of 17 and 13 is therefore 221.",2026-04-21T22:54:03.538390
1,What is 17 multiplied by 13?,2,0,Morgan,novice,0.95,"To find the product of 17 and 13, I will multiply these two numbers together. 17 * 13 = 221. This calculation seems straightforward, but I'll make sure to double-check my work.",2026-04-21T22:54:05.381004
1,What is 17 multiplied by 13?,2,1,Alex,expert,1.0,"To find the product of 17 and 13, we indeed multiply these two numbers together. The calculation is straightforward: 17 * 13 = 221. This result can be verified through basic arithmetic operations, confirming its accuracy. The product of 17 and 13 is indeed 221.",2026-04-21T22:54:07.420356
1,What is 17 multiplied by 13?,2,2,Jordan,peer,1.0,"To find the product of 17 and 13, we simply multiply these two numbers together, which results in 17 * 13 = 221. This calculation is indeed straightforward and can be verified through basic arithmetic operations. I agree with the other participants that the product of 17 and 13 is 221. The consensus among us confirms the accuracy of this result.",2026-04-21T22:54:09.458349
1,What is 17 multiplied by 13?,3,0,Morgan,novice,0.95,"To find the answer, I'll multiply 17 by 13. This calculation yields 221. I've double-checked the multiplication to ensure accuracy. The result of 17 multiplied by 13 is indeed 221.",2026-04-21T22:54:11.316796
1,What is 17 multiplied by 13?,3,1,Jordan,peer,0.99,"To find the answer, I'll also multiply 17 by 13, which is a straightforward arithmetic operation. The calculation yields 221, confirming Morgan's result. This basic multiplication problem doesn't require complex reasoning, and the result is indeed 221. The calculation is simple and widely known.",2026-04-21T22:54:13.403025
1,What is 17 multiplied by 13?,3,2,Alex,expert,1.0,"The calculation of 17 multiplied by 13 is a basic arithmetic operation that can be verified through simple multiplication. By performing the calculation, we find that 17 * 13 indeed equals 221. This result is consistent with the fundamental principles of arithmetic and does not require complex reasoning. The answer is 221.",2026-04-21T22:54:15.698029
2,Which planet in our solar system has the most moons?,1,0,Morgan,novice,0.8,"Based on my current knowledge, Jupiter is the planet with the most moons in our solar system, with a total of 92 confirmed moons. This number may be subject to change as new discoveries are made. I'm relying on general information and have not delved deeply into the specifics of each planet's moons.",2026-04-21T22:54:17.667444
2,Which planet in our solar system has the most moons?,1,1,Jordan,peer,0.95,"Jupiter indeed holds the record for the most moons in our solar system, currently confirmed to have 92 moons. This information is consistent with my knowledge and aligns with recent astronomical data. As new discoveries are made, this number may increase, but as of now, Jupiter stands as the planet with the most moons. The dynamic nature of space exploration means that our understanding of the solar system is continually evolving.",2026-04-21T22:54:19.757026
2,Which planet in our solar system has the most moons?,1,2,Alex,expert,0.98,"Jupiter is indeed the planet with the most moons in our solar system, with a total of 92 confirmed moons, according to the most recent and reliable astronomical data. This information is consistent with my in-depth knowledge of the subject and is supported by evidence from NASA and other reputable sources. The number of moons may be subject to change as new discoveries are made, but as of now, Jupiter holds the record. Jupiter's extensive moon system is a result of its massive size and gravitational influence, which has allowed it to capture and retain numerous smaller celestial bodies.",2026-04-21T22:54:22.080199
2,Which planet in our solar system has the most moons?,2,0,Jordan,peer,0.95,"The planet with the most moons in our solar system is Jupiter, with a total of 92 confirmed moons. This number may still increase as new discoveries are made. Jupiter's large size and strong gravitational pull make it an attractive center for many natural satellites.",2026-04-21T22:54:23.969543
2,Which planet in our solar system has the most moons?,2,1,Alex,expert,0.98,"The planet with the most moons in our solar system is indeed Jupiter, with a current total of 92 confirmed moons. This is due to Jupiter's large size and strong gravitational pull, which enables it to capture and hold many natural satellites. As new discoveries are made, this number may continue to increase, but currently, Jupiter holds the record. Jupiter's moon count has been extensively studied and verified through various astronomical observations and research.",2026-04-21T22:54:26.057095
2,Which planet in our solar system has the most moons?,2,2,Morgan,novice,0.9,"Based on the information provided by Jordan and Alex, it appears that Jupiter has the most moons in our solar system, with a total of 92 confirmed moons. This is attributed to Jupiter's large size and strong gravitational pull, which allows it to capture and hold many natural satellites. I don't have any contradictory information, so I will rely on their expertise.",2026-04-21T22:54:27.921916
2,Which planet in our solar system has the most moons?,3,0,Alex,expert,0.95,"The planet with the most moons in our solar system is Jupiter, with a total of 92 confirmed moons. This number is subject to change as new discoveries are made, but as of now, Jupiter holds the record. The moons of Jupiter vary greatly in size and composition, ranging from small, irregular bodies to larger, more spherical moons like Ganymede and Callisto. Jupiter's extensive moon system is a result of its massive size and gravitational influence.",2026-04-21T22:54:30.099219
2,Which planet in our solar system has the most moons?,3,1,Morgan,novice,0.9,"Based on the information provided by Alex, it appears that Jupiter has the most moons in our solar system, with a total of 92 confirmed moons. This aligns with my general knowledge, but I haven't delved deeply into the topic myself. I'm relying on Alex's expertise, who seems quite confident in their answer. The number of moons could potentially change with new discoveries, but as of now, Jupiter is the planet with the most moons.",2026-04-21T22:54:32.418276
2,Which planet in our solar system has the most moons?,3,2,Jordan,peer,0.95,"Based on the information provided by Alex and Morgan, it seems that Jupiter is indeed the planet with the most moons in our solar system, with a total of 92 confirmed moons. This aligns with general knowledge and Alex's expertise in the field. I also consider the fact that Jupiter's massive size and gravitational influence would allow it to capture and hold onto a large number of moons. The possibility of new discoveries changing this number is acknowledged, but as of now, Jupiter holds the record.",2026-04-21T22:54:34.481897
